language,number_occurrences,translations_freq
aai,18,{'$mamu$': 18}
aak,18,{'$iŋí̵': 17}
aau,18,{'$ahney$': 18}
aaz,42,"{'$koro': 26, '$koorn$e': 11}"
abt,18,{'$api$': 17}
abx,18,{'manuk-ma': 18}
aby,18,"{'$gasir': 13, '$i$ada$i': 2, 'ro$ada': 2}"
aca,12,"{'íshiiduc': 9, '$linácai': 2}"
acd,18,{'$nbuii': 18}
ace,18,{'$cicém': 18}
acf,18,{'$jibyé': 18}
ach,18,"{'$winyo$m': 9, '$kodi$mo': 2, 'winyo$du': 2, '$me$pa$': 2}"
acn,18,{'$nghoq$': 18}
acr,18,"{""$quexiq'"": 13, ""$tz'iqui"": 5}"
acu,18,"{'anamtin$': 9, 'chingki$': 9}"
ade,18,{'$bâsæsær': 18}
adh,18,{'$winyin$': 18}
adi,18,{'$pettang': 18}
adj,18,"{'ŋ$ɔr$': 8, '$ɔr$': 9}"
adl,18,{'$pëta$': 18}
ady,31,{'бзыу': 28}
adz,24,{'$dzuf': 22}
aeb,18,{'يُورْ$': 17}
aeu,18,{'keivq-av': 18}
aey,42,{'$man$fu': 39}
afr,135,{'voël': 135}
agd,18,"{'$nun$kay': 14, 'tumpan$k': 2}"
agg,18,{'$ndu$': 18}
agm,18,"{'$koho$': 12, 'unɨ$koh': 2}"
agn,18,{'a$lamlam': 16}
agr,18,"{'$pishak$': 10, '$chigki': 6}"
agt,18,{'$mamanuk': 18}
agu,18,"{""$ch'u'l$"": 9, ""hixicy'i"": 5}"
agw,135,{'$manu$': 121}
agx,4,"{'$мугар$': 2, '$уза': 2}"
ahk,18,{'$aˇ$jiˇ': 18}
aia,18,{'$manu$': 18}
aii,30,{'ܛܲܝܪ': 26}
aim,18,"{'$vate': 11, 'vangai$o': 2, '$vahai': 2}"
aji,18,{'â$mür̂ü': 17}
ajz,18,"{'wohel$': 12, '$awo$': 4}"
akb,18,{'$unggas$': 16}
ake,18,{'$toron$a': 18}
akh,18,"{'$sao$sem': 9, 'u$nismis': 3, 'nom$su$s': 2, 'sab$sem$': 2}"
ald,18,{'$annrɛ': 18}
alj,18,"{'a$bantog': 15, 'mga$agin': 2}"
aln,135,"{'$zog': 99, 'turuese$': 19}"
alp,18,"{'$manua': 14, '$alai$': 3}"
alq,18,{'$pinecij': 18}
alt,18,{'куш': 18}
aly,38,"{'$thip': 29, 'nwenth$i': 3, 'ram-': 2}"
alz,18,{'$winyo$': 18}
ame,18,"{'$ot̃ec̈h': 10, 'tyeñ$pat': 3, '$ot̃nesh': 2, ""$tse'mac"": 2}"
amf,18,{'$apti': 18}
amh,18,{'ወፎች': 17}
amk,18,{'$romu': 18}
amm,18,"{'$uoyo$na': 3, '$touwoso': 3, 'oimuwano': 3, 'wou$mo$a': 2, 'uno$toni': 2, 'oloni$si': 2}"
amn,18,{'$twafig': 17}
amp,18,"{'$nungam$': 15, '$tirf$': 2}"
amr,18,{'$bakoy': 16}
amu,18,{'cantsaa$': 17}
amx,3,{'$thep': 3}
ann,18,"{'$unọn$òw': 9, '$ofut$': 5, '$unọn$in': 3}"
anv,18,"{'$denywɔn': 11, 'nwyɔné$d': 4, '$dénywɔn': 2}"
aoi,29,{'$wurraji': 25}
aoj,18,{'$amiguf': 18}
aom,18,{'$ug': 18}
aon,18,{'$armiguh': 18}
aoz,18,{'$kolo': 18}
apb,18,"{'$mo$menu': 15, 'a$manu$': 3}"
ape,18,{'$almiguh': 18}
apn,18,"{'$kuwênhr': 9, 'y$piitã': 4, '$nhônhti': 3}"
apr,18,{'$di$man$': 17}
apt,18,{'$piita$': 18}
apu,18,"{'$kotipir': 12, 'raãkani$': 4}"
apw,18,{'$dlǫ́’$': 17}
apy,18,"{'$torõ$t': 13, 'e$kurumu': 2, '$torõ$p': 2}"
apz,18,"{'ɨhufo$so': 9, 'ne$iyo$s': 3, '$yɨhufo': 5}"
arb,135,"{'يُور': 77, 'لطَّائِر': 14, 'طَيْر': 13, 'طَائِر': 17}"
are,18,{'$thepa': 17}
arl,18,"{'aacuatuj': 8, '$shuhuar': 8}"
arn,18,{'$üñüm$': 18}
arp,4,{'$neahe': 4}
ary,10,"{'ُورْ$الس': 6, 'نْ$كَيْز': 3}"
arz,135,"{'طُيُور': 51, 'لطُّيُور': 24, 'عُصْفُور': 21, 'طَيْر': 12, 'ُحُوشِ$ٱ': 2, 'ائِر': 9}"
asg,18,{'$nnu$': 16}
aso,18,"{'vo$nama': 7, 'ha$nama$': 3, 'pateli$m': 2, '$gulosi$': 2, ""'$nama$g"": 2}"
ata,42,{'$ta$ngia': 38}
atb,18,"{'$nghoq$p': 8, 'ulat$ngh': 4, '$é$nghoq': 3, '$yê$': 2}"
atd,18,{'mgo$manu': 18}
atg,18,{'$ipfeli$': 18}
att,18,{'mammánù$': 18}
auc,18,"{'$ayamöid': 11, '$öömä$ë': 5}"
aui,2,{'a$manu$': 2}
auy,18,{'$numa': 16}
ava,18,{'$хіанчі': 17}
avt,18,{'$hore$': 18}
avu,18,{'$ãríwá$': 17}
awa,18,"{'$पंछी': 5, '$चिड़िय': 6, '$चिरिय': 3, '$चिरइयन$': 3}"
awb,18,"{'$kabara': 15, 'bárámárí': 2}"
awi,18,{'$smir': 17}
awx,24,"{'$kwäwi': 17, '$awepmäk': 3, 'wän$hopi': 2}"
ayo,18,"{'$chugúp': 15, 'a$chungú': 2}"
ayr,135,{'$jamach’': 121}
aze,135,"{'$гуш': 110, 'анадлы$м': 19}"
azg,18,"{'quintsa': 15, ""'naan$qu"": 2}"
azz,18,{'tototzit': 16}
bak,18,{'$ҡоштар': 18}
bam,18,{'$kɔnɔw$': 16}
ban,18,"{'kedise$': 8, 'paksine$': 4, 'ne$ngray': 4}"
bao,18,"{'$minia$': 15, 'apari$dʉ': 3}"
bar,135,"{'vögl$': 94, 'vogl': 25}"
bav,18,{'ənwə$': 18}
bba,135,{'$gunɔ': 118}
bbb,43,"{'$ume$b': 12, 'ume$ni$b': 7, 'bune$ume': 4, 'ro$nae$': 3, '$ume$ro$': 5, 'ro$ume$': 5}"
bbc,18,{'$pidong$': 18}
bbj,18,"{'msəŋ$': 10, 'msə́ŋ$': 3, 'ap$ntha$': 3}"
bbr,18,"{'$ai$raut': 11, '$ai$a': 4}"
bch,42,"{'gid$man$': 35, 'ia$ga$m': 4}"
bci,18,"{""nunman'm"": 9, 'ye$anunm': 3, 'in$anunm': 2, 'anunman$': 4}"
bcl,18,{'a$gamgam': 18}
bco,3,{'$no꞉$ko꞉': 3}
bcw,18,"{""$'yegwer"": 17}"
bdd,18,{'$bwasumo': 18}
bdh,18,{'$solụ́': 18}
bea,2,{'$chua$': 2}
bef,18,"{'$namam': 12, '$ana$sag': 2, 'mo$melet': 2}"
bel,18,{'$птуш': 18}
bem,135,"{'fyuni$': 79, 'cuni$': 30, 'ipupuka$': 21}"
ben,135,{'$পাখী': 123}
beq,18,{'$banoni$': 17}
bex,18,{'$yali$': 18}
bfd,18,"{'$bɨ̀sɨ': 12, '$bɨ̂sɨŋ$': 4}"
bfo,18,{'lili': 16}
bgr,18,"{'$vâ$': 13, '$va$tla$': 5}"
bgs,42,"{'a$manuk$': 35, 'n$manuk$': 5}"
bgz,18,{'tomisi$': 18}
bhg,8,"{'$nim': 5, 'ni$wasid': 3}"
bhl,47,{'$awon$': 47}
bhp,18,{'$nasi': 18}
bib,18,{'$bɛnnɔ$': 16}
big,18,"{'nakwilig': 9, 'ya$winak': 7}"
bim,18,"{'$nɔɔnii$': 15, '$kɔɔt$bo': 2}"
bis,18,"{'$ol$piji': 14, '$pijin$': 4}"
biu,18,{'$iva': 18}
biv,18,{'$lubil': 18}
bjr,42,{'$ufin': 37}
bjv,18,{'$yəl$je$': 18}
bkd,18,{'ga$tagbi': 18}
bkq,18,"{'awâgunei': 11, 'nhamuind': 3, 'eim$sâ': 3}"
bku,18,{'$manok$': 18}
bkv,18,{'anyin$': 18}
blh,18,{'$nyànd': 18}
blw,18,{'sole$': 16}
blz,18,"{""$sapu'"": 18}"
bmb,18,{'$banoni$': 17}
bmh,18,{'$meg$': 18}
bmk,2,{'a$kiu$i': 2}
bmq,18,{'$ɲuɓuwez': 16}
bmr,18,"{'$joomɨ$': 14, 'oo$asimɨ': 2}"
bmu,42,{'$nei': 42}
bnj,18,{'$manuk$': 18}
bnp,62,{'a$kadiro': 58}
boa,18,"{'$wahpéjt': 12, '$wáváráj': 3, '$pamévá$': 2}"
bod,117,"{'བྱིའུ': 37, 'བྱ་དང་': 16, 'འདབ་ཆགས་': 17, '$བྱ་': 10, '་བྱ་': 29}"
boj,18,{'$qebari$': 18}
bom,18,"{'$benon$': 15, '$benɛ́t$': 2}"
bon,18,"{'$ele$cin': 9, '$ele$bim': 4, 'iicwale$': 4}"
box,18,{'a$ɲínzàw': 17}
bpr,18,{'$dad$anu': 16}
bps,18,{'$anuk$di': 17}
bqc,135,"{'$bãↄ': 73, '$bã$': 35, '$lán$bã': 4, '$bã': 7}"
bqj,18,{'$upu$': 17}
bqp,18,{'$bãnↄ': 16}
bre,10,{'$labouse': 10}
bru,18,{'$chớm$': 16}
bsc,18,{'$oŝël$': 16}
bsn,18,"{'$minia': 13, '$vʉrã': 5}"
bsp,31,{'$bɛmp$': 28}
bss,18,{'$menɔn': 18}
btd,18,{'$manuk-m': 17}
bth,18,{'$manuk$': 16}
bto,18,{'$pidong$': 18}
bts,18,{'$manuk-m': 18}
btt,18,{'$linyun$': 16}
btx,18,{'$perik-p': 17}
bud,18,"{'$nnɔmbiy': 10, '$inoon$': 7}"
bug,18,"{""$manu'-m"": 18}"
buk,18,"{'$mbac$lô': 8, '$mbac$ho': 4, '$mbac$sê': 2}"
bul,135,"{'$пти': 106, '$летя': 27}"
bum,135,"{'anon': 84, 'ônon': 31}"
bus,18,{'$bãa': 18}
bvr,18,{'$burdach': 18}
bvz,18,{'$bume': 18}
bwd,24,{'$manug': 22}
bwq,18,{'$yala$': 16}
bwu,18,{'$nui': 18}
bxh,26,{'$ataiꞌa': 23}
bxr,18,"{'$шубууд': 15, 'раата$үн': 2}"
byr,35,"{'$yusara': 16, '$yuta': 9, 'aanga$tɨ': 7}"
byx,18,{'ama$uaik': 17}
bzd,18,{'$dù': 16}
bzh,18,"{'soḳ$': 15, 'ek$dob$l': 2}"
bzi,18,{'$ฮาย่า$': 17}
bzj,18,{'$berd$': 18}
caa,18,"{'$e$mut$': 12, '$mut$': 6}"
cab,18,{'dunúru$': 18}
cac,135,"{""noc'$muc"": 95, ""c'$ostoc"": 19, ""o'$noc'$"": 2}"
caf,18,"{""$dut'ai"": 18}"
cag,18,{'ava$ajôc': 17}
cak,135,"{""$aj-xik'"": 116}"
cao,18,{'$isa$': 17}
cap,18,{'$wez̈lan': 16}
caq,135,{'hechōn$': 117}
car,18,{'$tonoro$': 18}
cas,18,{'$jaijtyi': 18}
cat,18,{'ocells$': 16}
cav,18,{'$upati$': 16}
cax,18,{'nutauman': 18}
cbc,18,"{'$minia$': 12, 'ã$cawu̶r': 5}"
cbi,18,{'$pishku': 18}
cbk,18,{'$pajaro$': 18}
cbr,18,"{'$pëchi': 14, '$pëñanac': 3}"
cbs,18,{'$peiyabu': 16}
cbt,18,"{'$inaira': 10, 'ntëhuano': 4, ""oporo'sa"": 3}"
cbu,18,"{'$tsiripi': 9, '$kpurang': 4, 'anatkazi': 2}"
cbv,18,"{'$jwébehw': 14, 't$jóopwã': 2}"
cce,18,{'$sinyana': 17}
cco,18,{'$ta̱': 15}
ceb,135,"{'langgam': 80, 'lupad$ng': 49}"
ceg,18,{'$chɨpɨrm': 18}
ces,135,"{'$pt': 81, '$létajíc': 49}"
cfm,134,{'$vate': 119}
cgc,18,{'$mga$yup': 17}
cha,18,{'$paluma': 17}
chd,18,"{'$naiyulp': 14, ""caƚ'hui$"": 4}"
che,135,{'$олхазар': 120}
chf,18,{'$mut': 18}
chk,135,"{'$machang': 95, '$mansüsü': 33}"
chq,18,"{'$ton¹$': 11, 'oö²¹$tsí': 4, 'i²$jooön': 2}"
chr,18,"{'$cisqa$': 10, 'ninohili': 5, '$cisqano': 2}"
chu,17,{'$птиц': 17}
chv,18,"{'ен$кайӑк': 14, 'ем$вӗҫсе': 3}"
chz,18,"{""$ta̱'"": 17}"
cjo,18,"{'$jenokiw': 9, '$konthaw': 2, 'imapaeni': 2, 'zijopaen': 2}"
cjp,18,{'$du$': 18}
cjs,2,{'$қуштар$': 2}
cjv,18,{'$kapuka$': 18}
ckb,18,{'$باڵنده\u200c': 18}
cko,18,"{'$anumam$': 12, '$ajaanna': 5}"
ckt,4,{'$пчиӄэ': 3}
cle,18,"{'$ta̱³$': 13, 'xa³$cueé': 5}"
clu,18,{'mga$pisp': 16}
cly,18,"{'$quiñi$': 13, ""ti$loo$'"": 3}"
cme,18,"{'$huriimb': 15, 'dũnaamba': 2}"
cmn,135,{'鸟': 119}
cmo,18,"{'$rsuăn$': 6, '$siŭm$c': 4, 'iŭm$)$h': 4, 'h$siŭm$': 2}"
cnh,135,"{'ngmi$va$': 35, '$vate$': 19, '$va$vial': 7, '$saram$': 27, '$zuang': 8, '$va$nih$': 4}"
cni,18,"{'$tsimeri': 8, '$vanqui': 4, '$contsar': 3, '$tisoni': 2}"
cnl,18,{'$to̱³$': 18}
cnt,18,"{'$i₁tan₅$': 12, ""já'₂$i₂'"": 6}"
cnw,18,{'$vano': 18}
coe,18,"{""$pĩ'a"": 16}"
cof,18,"{'$pichu': 14, '$baro': 4}"
cok,18,"{""$pina'a"": 14, ""ej$rá'ar"": 3}"
con,18,"{'$chhirir': 12, '$manguqq': 3, '$pindo': 3}"
cop,18,{'ϩⲁⲗⲁϯ$': 17}
cor,18,"{'$ydhyn$': 15, '$edhen$': 3}"
cot,18,"{'$araguet': 9, 'a$tsimer': 7}"
cpa,18,"{'$jáh²$ŋi': 5, '³lah$jáh': 5, '$tan¹²$': 6}"
cpb,18,"{'i$tsimer': 12, 'ero$iwan': 2, '$shiwank': 2}"
cpc,18,{'$tsimiri': 18}
cpu,18,{'$tsimeri': 18}
cpy,12,{'$tsimer': 12}
crh,48,"{'$къушлар': 38, '$къуш$': 7}"
crm,18,{'$ᐱᓓ': 18}
crn,18,"{""$pina'a"": 14, ""aj$rá'ar"": 3}"
crq,16,{'$ajwejna': 16}
crs,135,{'$zwazo$': 128}
crt,17,{'$ajwejna': 17}
crx,18,"{""$dut'ai"": 18}"
csk,18,{'$basuu': 18}
cso,18,"{'$tan³²$': 15, 'ún³$cuá²': 3}"
csy,135,{'$vacim': 122}
cta,18,"{'aa$quiñi': 5, ""'ni$lu'b"": 4, 'u$naa$cu': 3, 'i̱$quiñi': 2, ""a$lo$na'"": 2}"
ctd,135,{'$vasa': 124}
ctp,18,"{'n$kiñi$': 7, ""$lo$'ni$"": 3, ""ñan$i'$"": 2, ""$'ni$ndu"": 2, ""a'$i'$"": 2}"
ctu,18,"{""ma'tye'm"": 16}"
cub,18,"{'$míjina': 13, 'a$vʉivʉ': 4}"
cuc,18,{'$jon⁴³ta': 18}
cui,18,"{'pupunaew': 14, 'in$nae$t': 3}"
cuk,18,"{'$sikwima': 11, 'i-muski': 3, 'a$nuumar': 2}"
cul,18,"{'eppe$caj': 6, 'ppiriri$': 8, 'a$meme$a': 3}"
cut,18,{'$ya̱hda$': 18}
cux,18,"{""$'yaad"": 9, ""$'yáád"": 8}"
cwe,18,{'dege$': 18}
cwt,18,{'$bilele$': 17}
cya,18,"{'$quiñi$': 13, ""i$loo$'n"": 3}"
cym,135,"{'$ehedia': 52, '$aderyn$': 39, '$adar': 40}"
czt,18,{'$pavaw': 16}
daa,18,"{'$ɗiiɗ': 15, 'uk$poypi': 3}"
dad,18,{'$ninã$': 18}
dah,18,{'$nu$': 16}
dak,28,"{'aku$kiny': 19, 'itkadan$': 5}"
dan,135,"{'yvende$s': 64, 'fugl': 66}"
dar,8,{'$арцант': 8}
ded,30,"{'$fae': 8, '$neng$sa': 5, 'iu$gbome': 3, 'u$yang$': 3, 'amberec$': 3, '$neng': 8}"
des,18,{'irimagʉ$': 16}
deu,135,"{'vögel': 46, 'fliegend': 50, 'vogel': 33}"
dgc,18,{'$manok$': 18}
dgi,18,"{'$lili$': 14, 'ʋ̃-vuri$': 3}"
dgr,42,"{""$k'edèe$"": 28, '$chı̨ą$': 11}"
dgz,18,{'$nenip': 17}
dhg,2,{'äwarraṉꞌ': 2}
dhm,18,{'ovidhila': 18}
dig,18,{'yama$a$m': 16}
dik,18,{'$diæt$': 18}
dip,18,{'$diɛt$': 18}
dis,18,"{'$dao$but': 10, 'adi$dao$': 3}"
dje,18,{'$cur': 18}
djk,18,{'$foo$': 17}
djr,18,"{'$buṯthu': 10, '$warraka': 8}"
dng,4,{'чёр$': 4}
dnj,18,"{'$‑maa$‑n': 13, '$‑maa$‑y': 2}"
dob,18,{'$manuwa': 17}
dop,18,{'$sumasɩ$': 16}
dow,18,{'$nɔɔs$': 18}
dtp,18,{'$tombolo': 18}
dts,18,"{'$sasaabe': 14, '$sasaa$': 4}"
due,18,{'manok': 16}
dug,18,{'$a$kubur': 18}
duo,18,"{'anok$a$h': 12, '$manakta': 3, 'a$manok$': 3}"
dur,18,"{'$nɔ́g$wa': 13, '$nɔ́g$gb': 2, '$wó': 2}"
dwr,18,{'$kaf': 18}
dww,18,"{'e$kiu$': 13, 'ika$kiu$': 3}"
dyi,18,{'$sannjɛr': 18}
dyo,18,"{'naakayit': 10, '$basuwa': 5}"
dyu,18,{'$kɔnɔw$': 16}
ebk,18,{'$kossel$': 17}
efi,135,"{'inuen$': 84, 'fede$': 49}"
eka,18,{'ruk$': 16}
eko,28,{'$anyanny': 26}
ell,135,"{'$πετούμε': 50, '$πουλι': 47, '$πουλί$': 19}"
emi,8,"{'$me$ghil': 6, 'hila$ato': 2}"
emp,18,{'$ĩbana': 16}
enb,18,{'$tāriit$': 16}
eng,135,"{'$bird': 68, 'lying$cr': 49}"
enl,18,{'$nata$': 18}
enm,18,"{'$foules$': 11, '$bird': 7}"
enx,18,{'$náta$': 18}
epo,135,{'birdo': 129}
eri,18,{'$neei$': 18}
ese,18,{'cuichojj': 16}
esi,18,"{'miat$': 10, 'miallu$': 3, '$tiŋmian': 2}"
esk,18,{'$tiŋmi': 18}
est,18,"{'$lind': 12, '$linnud$': 6}"
esu,18,"{'yaqulget': 15, 'amanek$i': 2}"
etr,8,{'$haea': 8}
etu,18,{'nón$': 16}
eus,18,{'$chori': 16}
eve,4,{'$дэгил': 4}
ewe,18,"{'xewo$': 13, '$xeviwo$': 3}"
eza,18,"{""'ewhe$l'"": 10, '$ẹnu$': 5, ""daa$l'ag"": 3}"
faa,18,"{'$menamo$': 8, 'uyare$so': 3, 'asa$ipi$': 2, 'aka$tora': 2}"
fad,4,{'$é$': 4}
fai,18,{'$awon$': 18}
fal,18,{'$jooy$': 18}
fao,135,{'$fugl': 122}
ffm,18,{'$pooli$': 17}
fij,135,{'anumanuv': 129}
fil,18,{'$mga$ibo': 18}
fin,135,"{'$linnu': 49, '$luomu': 49, 'lintu': 30}"
fon,135,{'xɛ$': 116}
for,18,{'$kabara': 18}
fra,135,"{'oiseau': 78, '$volante': 49}"
fry,135,{'$fûgel': 127}
fub,18,{'$colli$': 18}
fue,9,{'$pooli$': 9}
fuf,18,{'$colli$': 17}
fuh,18,{'$pooli$': 17}
fuq,18,{'$colli$': 18}
fuv,18,{'$colli$': 18}
gaa,18,{'$loofɔ': 18}
gag,18,{'$kuşlar': 16}
gah,18,"{'$gaha$n': 8, '$nama$ne': 6, 'itó$nama': 3}"
gam,18,"{'$ka$wo$': 7, 'doa$ka$n': 4, 'r$dje$wa': 3, 'og$kena$': 3}"
gaw,18,"{'$ai$ag$': 8, '$ai$': 10}"
gbi,18,{'$namo$': 18}
gbo,18,{'$noe': 18}
gbr,18,"{'$alu$': 12, '$awyisal': 2}"
gde,18,"{'$əgin': 13, 'tə$ca$lə': 3}"
gdg,18,{'$mammanu': 16}
gdn,18,"{'o$midiwa': 13, 'de$midiw': 3}"
gdr,18,{'$ngena': 18}
geb,18,"{'$korigi$': 10, '$korgi$z': 4, '$korgi': 3}"
gej,18,"{'$xèvi': 14, '$lè$pòdo': 3}"
gfk,18,{'a$maan$': 17}
ghe,18,{'$ययू': 18}
ghs,18,"{'mi$nee$': 7, 'suna$are': 2, '$ttaqano': 2, 'uho$nee$': 2, '$mae$dzo': 2, 'a$bab': 2}"
gid,18,{'iŋgeɗ': 17}
gil,18,"{'$manniki': 11, 'ka$a$kib': 3, 'ai$nneia': 2}"
giz,135,{'$ɗiyuw': 115}
gjn,18,"{'ɛ$mbuibi': 13, '$asɔ$gbe': 3}"
gkn,18,{'$ńnóm': 18}
gkp,135,"{'ŋɔni': 93, '$ŋ̀ɔni': 28}"
gla,2,{'eoin$an$': 2}
gle,129,"{'éanlaith': 77, '$éin$': 13, '$éan$': 15, '$héin$': 8}"
glv,10,{'$eeanlee': 10}
gmv,18,{'$kafot': 16}
gnb,18,{'$vacha': 17}
gnd,18,"{'$gà$ɗiye': 13, 'gà$məmba': 3}"
gng,18,{'$inuɔn': 18}
gnn,68,"{'buṯthuna': 14, 'lala$buṯ': 6, 'äyindhun': 7, 'i$martha': 7, 'a$wäyin': 17, 'buṯthun$': 2}"
gnw,18,{'$güɨra$': 17}
gof,18,{'$kafo': 18}
gog,18,{'zindeje$': 18}
gor,18,"{'ubuu-lun': 8, 'bulungi$': 10}"
got,7,{'$fugl': 6}
gqr,18,{'$yəl’gɨ$': 17}
grc,115,"{'πετειν': 72, '$ορνε': 18, '$ορνιθι': 9}"
grt,18,"{'্কানি$দো': 6, '্রাং$বিল': 3, 'ওরাং': 3, '$মালগিবা': 2}"
gso,18,{'$nɔy$': 18}
gub,135,{'$wiràmir': 117}
guc,18,"{'$wuchii': 13, ""suu'ulia"": 3}"
gud,18,{'$libhli': 17}
gug,14,{'$guyra': 13}
guh,18,"{'$pepunae': 7, 'aratsui$': 9}"
gui,18,{'$güɨra$': 17}
guj,135,"{'પક્ષી': 81, 'પંખી': 43}"
guk,18,{'መት$እል$': 16}
gul,18,{'$bod$': 18}
gum,18,{'$illimer': 18}
gun,18,{'$guyra': 18}
guo,18,"{'$mia': 14, '$kakan': 3}"
guq,18,{'$kuyra$': 18}
gur,135,"{'$niihe$': 84, '$niiŋa$': 24, 'a$mɔen$d': 4, '$n$ɛn': 3}"
guw,18,{'$ohẹ̀$': 18}
gux,18,{'$bonyugi': 18}
guz,18,{'chinyoni': 17}
gvc,18,"{'ichahca$': 12, '$wʉina': 4}"
gvf,18,{'$kauba$': 18}
gvl,18,{'$helge$': 18}
gvn,44,{'$dikal': 38}
gwi,18,"{'iitsal$': 14, 'a$choo$c': 3}"
gya,135,"{'$nɔ̧́í̧$': 105, '$o$nɔ': 4, 'ɔ̧́í': 3, 'in$o$saɗ': 2, '$bu̧i': 2}"
gym,18,{'$nukwä$': 18}
gyr,18,{'$vɨ̃rai$': 18}
hae,18,"{'$shimbir': 12, 'llaattii': 4}"
hag,18,{'$niin': 18}
hak,18,"{'$tiâu-é$': 9, '$fî-niâu': 7}"
hat,135,{'$zwazo$': 123}
hau,18,{'$tsunts': 18}
haw,14,{'$na$manu': 13}
hay,18,{'inyonyi$': 16}
hbo,117,"{'וף': 67, 'צִּפ': 12, 'צִפֹּ': 18, 'צִפ': 5}"
hch,18,{'$viquixi': 18}
heb,18,"{'עוֹפוֹת$': 13, 'ִּפּוֹרִ': 3}"
heg,42,"{'kee$': 30, 'kee-tilu': 10}"
heh,18,{'fidege$': 17}
hif,18,{'$chiṛia$': 16}
hig,18,"{'$""yə$': 18}"
hil,18,{'mga$pisp': 17}
hin,18,"{'$पंछ': 9, 'पक्षियों': 5, '$पक्षी$': 4}"
hix,18,"{'$torono$': 15, 'tàrar$ho': 3}"
hla,18,{'$apena$': 18}
hlt,18,"{'$va$thli': 5, '$va$lawn': 5, '$va$phun': 3, '$va$boei': 3}"
hmo,18,"{'a$manu': 13, '$manu': 5}"
hne,18,{'$चिरई': 18}
hnj,135,"{'$naag$no': 45, 'noog$sau': 17, '$laj$daa': 13, '$noog$kw': 11, 'tug$noog': 9, 'tej$noog': 4}"
hnn,18,{'a$manuk$': 16}
hns,18,{'$tjierai': 18}
hop,18,{'$masay’y': 18}
hot,18,"{'a$menak$': 10, 'k$menak$': 6}"
hra,135,"{'$chunglê': 32, '$vat': 22, '$vâ$': 19, '$vâhai': 15, '$vahai': 10, 'vuang$': 6}"
hrv,135,"{'$pti': 108, '$lete': 24}"
hto,18,"{'$féedɨn': 11, '$ófocui': 7}"
hub,18,"{'$chigki': 11, '$nanamti': 4, '$napi$ai': 2}"
hui,18,"{'a$ega': 11, '$ega$tar': 4}"
hun,135,"{'$mad': 77, 'deső$ter': 47}"
hus,18,"{""$ch'ichi"": 18}"
huu,18,"{'$silli': 12, 'uicɨnɨaɨ': 2, '$inonɨaɨ': 2}"
huv,18,{'$quiec$': 17}
hvn,18,"{'$doli': 11, '$do$lila': 6}"
hwc,18,{'$bird': 18}
hye,135,{'$թռչ': 134}
ian,18,"{'$waavi$y': 6, 'a$waavi$': 4, 'waavi$nɨ': 2, '$wungi$s': 2}"
iba,18,{'$burung$': 18}
ibo,135,"{'anụ$ufe$': 80, '$nnụnụ$': 54}"
icr,18,{'$bord$': 18}
ifa,18,{'$hamuti': 18}
ifb,18,{'hamuti': 18}
ifk,18,{'hamuti': 16}
ifu,18,{'$hagwiti': 16}
ify,135,{'$sisit$': 123}
ign,18,"{'yureana$': 14, '$kayure': 2}"
ike,135,{'$ᑎᖕᒥᐊ': 127}
ikk,18,{'$nnụnụ$': 18}
ikw,18,{'ọnunu$': 18}
ilb,14,{'$bazuni$': 14}
ilo,135,{'tayab$': 131}
imo,18,"{'$kerama': 11, 'e$kera$k': 3, 'ngi$lopa': 3}"
inb,18,{'$piskuku': 16}
ind,135,"{'terbang$': 55, '$burung': 63}"
ino,18,{'$nama': 18}
iou,56,{'$barak': 54}
ipi,18,"{'$eka$tup': 8, '$eka': 10}"
iqw,18,"{'$ụnwenu$': 13, '$nwẹnu$': 5}"
iri,18,{'e̱mie̱$': 18}
irk,18,{'$tsir/': 18}
iry,18,{'$ibon$': 16}
isd,18,{'$an-anù$': 18}
isl,18,{'$fugl': 18}
ita,135,"{'uccell': 67, '$volatil': 63}"
itv,18,{'$mammanu': 18}
ium,135,{'$norqc$': 127}
ivb,18,"{'$manoman': 14, '$komayak': 4}"
ivv,18,{'$manoman': 17}
iws,18,{'$ɨpiyɨn': 18}
ixl,18,"{""$tz'ikin"": 16}"
izr,18,{'$nanon$': 18}
izz,18,"{'$ẹnu$': 14, ""$ephe$l'"": 4}"
jac,18,"{""no'$ch'i"": 17}"
jae,18,{'$moc$': 18}
jam,18,{'$bod$': 18}
jav,135,"{'$manuk': 113, '$peksi': 12}"
jbu,18,"{'$anyi$': 15, '$nyi$baa': 3}"
jic,18,"{'$tsipyay': 12, 'manta$wi': 2, '$jis$pam': 2}"
jiv,18,"{'$nanamti': 8, '$chiṉki': 10}"
jmc,18,"{'$ndeye$t': 13, '$ya$ndey': 2}"
jpn,135,"{'鳥': 76, '飛ぶ生き物': 49}"
jra,18,{'$čĭm$': 18}
jvn,18,{'$manuk': 18}
kaa,85,"{'$quslar': 62, '$qus$': 12}"
kab,18,"{'fṛax$': 14, 'yuṛ$': 4}"
kac,135,"{'ntsa$mal': 82, '$ai$u$': 12, '$u$ni$': 8, '$u$l': 9, '$tsip$': 4}"
kal,15,{'$timmi': 15}
kan,18,"{'$ಪಕ್ಷಿ': 14, '$ಹಕ್ಕಿಗಳ': 4}"
kao,18,{'$xonolu$': 16}
kap,4,{'$мигьна': 4}
kaq,18,"{'$hihsab': 13, 'hishminb': 2, 'ehiyahpa': 2}"
kat,18,{'$ფრინველ': 18}
kaz,18,{'$құст': 18}
kbc,18,{'aaǥaxodi': 18}
kbd,4,{'$къуалэб': 4}
kbh,18,{'hlofts̈ë': 17}
kbm,18,{'$mank$': 16}
kbp,18,{'$sumasɩ$': 18}
kbq,46,"{'$nma': 34, '$namamo': 9}"
kbr,18,"{'$kafeen': 12, '$gaceena': 3, 'udda$baa': 2}"
kck,30,{'$nyuni$': 28}
kdc,18,{'$ndege$': 16}
kde,18,{'vyuni$': 17}
kdh,4,{'$siḿsi$': 4}
kdi,18,{'$winy$': 18}
kdj,18,{'$ŋikyeny': 16}
kdl,18,{'$nnu$': 16}
kek,135,"{""eque'rup"": 67, ""xic'an"": 16, '$li$tzen': 11, ""$li$so's"": 16, 'rupupic$': 6}"
ken,18,{'$kɛnɛn$': 18}
kew,27,"{'$yaanu': 13, 'aa$pamua': 2, 'ra$paaka': 2, 'pu$poga$': 2, '$yaa$yap': 2}"
kez,18,{'$bunɔɔn$': 18}
kff,18,{'$పిట': 17}
kgf,30,{'$nei$': 29}
kgk,18,{'$gwyra$': 17}
kgp,18,{'ẽsĩ$': 18}
khk,18,{'$shuvuud': 18}
khm,18,{'សត្វស្លា': 16}
khs,18,"{'$aiw': 5, 'ka$isu$k': 3, 'ele$kali': 2, '$kuya': 2, 'oyetikey': 2}"
khy,18,{'$nɔli$': 18}
khz,18,{'$manu': 18}
kia,135,{'$njoole$': 117}
kik,18,{'$nyoni$': 18}
kin,135,"{'nyoni$': 59, 'biguruka': 52, 'ibisiga$': 16}"
kir,135,"{'$канатту': 85, '$чымчык': 15, '$куш': 32}"
kix,18,"{'aio$nous': 9, '$waio': 8}"
kjb,135,"{""$tz'iqui"": 95, '$no$osto': 20}"
kje,18,"{'$manu$li': 12, 'anu$merw': 6}"
kjh,18,{'хуст': 18}
kjs,18,"{'$yaanu': 11, 'ro$e': 2, 'aa$yapan': 2}"
kkc,13,{'$só': 13}
kki,18,{'dege$': 18}
kkj,18,{'$äenón$': 18}
kkl,28,"{'oman$yab': 19, 'ang$ying': 4, '$winang': 4}"
klt,2,{'$iráp$pá': 2}
klv,18,{'nǝman$': 18}
kma,18,{'$nembi': 18}
kmg,9,{'$wipe': 9}
kmh,18,"{'$yakir$g': 12, 'in$yakir': 2, '$yakir$': 4}"
kmk,18,"{'$sissiwi': 14, '$tumaud$': 4}"
kmm,135,"{'$va$': 64, '$vahe': 51}"
kmo,18,"{'$apo$ye': 11, '$pak$taw': 2}"
kmr,18,{'$teyr': 18}
kms,18,"{'di$wapi$': 13, 'i$wuye$u': 2}"
kmu,18,"{'$namayag': 12, 'epu$yaga': 2, 'a$kafa$a': 2}"
kne,18,"{'$titit': 15, '$mankodk': 3}"
knf,42,{'$ŋkaŧ$': 39}
kng,18,{'nuni$': 16}
knj,18,"{""$no'$tz"": 13, ""$ec'$jen"": 3}"
knk,18,{'$kona': 17}
kno,18,"{'konde$n$': 11, '$konde$': 6}"
knv,18,{'$holahol': 18}
kog,18,{'$nubá': 17}
kor,135,"{'$날짐승': 50, '$새들': 28, '$새와': 10, '$새': 38}"
kos,40,{'$won$': 39}
kpf,18,"{'$nii$z': 9, '$sot$nii': 3, 'n$nii$': 2}"
kpg,135,"{'manu$mam': 91, 'dau$waeh': 7, 'maangi$': 14, 'i$manu$': 13}"
kpj,18,{'$nawii': 17}
kpr,18,{'$rika': 18}
kpv,18,{'$лэбач': 18}
kpw,18,"{'$yaur$ga': 13, 'wal$yaur': 2}"
kpx,18,"{'ge$ugu': 10, '$ugu$': 6}"
kpz,18,{'$toritek': 18}
kqc,12,{'$erena$': 12}
kqe,18,{'$langgam': 18}
kqf,2,{'$mwanua$': 2}
kqo,18,{'$neme': 18}
kqp,18,"{'ciré$ka$': 6, 'ɲa$ôbi$w': 3, 'heŋɲê$na': 2, '$ciré$kê': 2, '$ciré$me': 2}"
kqs,18,"{'$yowva$': 14, '$yovaa$': 4}"
kqw,7,{'$kum$pik': 7}
kqy,18,"{'$ከፍት': 10, '$ገዎነ$ሀን': 4, '$ከፍቱ': 3}"
krc,18,{'ъанатлыл': 17}
kri,18,{'$bɔd$': 18}
krj,18,{'$pispis$': 18}
ksc,18,{'sissiwit': 16}
ksd,18,{'$beo$': 17}
ksf,18,{'$tììli': 18}
ksp,15,{'$eelje$': 15}
ksr,42,{'$kooŋ': 42}
kss,18,{'$yōūwa̍$': 16}
ksw,134,"{'ထိၣ်ဧိၤလ': 58, 'ထိၣ်ဖိ': 28, 'ထိၣ်လၢ': 13, '့ၢ်ထိၣ်': 6, 'ဒ်ထိၣ်': 7, 'ထိၣ်အ': 5}"
ktb,18,"{'$ጪአ': 15, '$ጪኣ': 3}"
ktj,18,{'$nʋblɩ$': 18}
ktm,26,{'$nenka-a': 25}
kto,18,{'$kobengi': 17}
ktu,18,{'$bandeke': 18}
kua,135,"{'eedila$': 99, 'odila$': 18}"
kub,18,"{'$ínung$': 15, '$ánung$': 3}"
kud,18,{'$lowolow': 17}
kue,18,"{'a$kua$': 8, 'e$kua$': 9}"
kum,46,{'$къуш': 44}
kup,18,"{'$idehol': 14, 'id$pori$': 2}"
kus,18,{'$niis$': 18}
kvj,18,"{'i$kezlə$': 8, ""$yɛ$'yɛ$"": 7, '$katsawe': 2}"
kvn,18,"{'$chikwi': 13, 'mmal-kuk': 3}"
kwd,18,{'a$langas': 18}
kwf,18,"{""$no'o$k"": 17}"
kwi,18,"{'$chitchu': 14, 'm$chiyu$': 2}"
kwj,18,{'$apwe$': 18}
kxc,18,{'ኸምፕረ': 18}
kxm,18,"{'$เฮฺิร$': 14, 'ัด$โม$เท': 3}"
kxw,18,"{'$sio$ked': 8, '$siobo͡u': 3, 'timo͡u$d': 3, '$sio$s': 2}"
kyc,18,"{'$yaka$du': 8, 'pe$yaka$': 3, '$yaka$pe': 2, 'a$yaka$k': 2, 'pala$pal': 2}"
kyf,18,"{""$'zia"": 14, 'zia$weee': 2}"
kyg,26,"{'$nama$an': 15, ""lo'yaveg"": 4, '$namamog': 3, 'namagi$a': 2}"
kyq,18,{'$yeelge': 18}
kyu,18,"{'$ထၳၤဖၳ': 11, '$ထၳၤ$': 6}"
kyz,18,"{""$wyra'i"": 11, ""wewe$ma'"": 3, 'waawa$et': 2}"
kze,18,"{'$numa': 14, 'kwaamba$': 2}"
kzf,14,"{'$tonji-t': 8, '$tonji$n': 3, 'tonji$': 3}"
lac,18,"{""$ch'ich"": 17}"
lai,18,{'yuni$': 18}
laj,18,"{'$a$twarr': 8, '$winyi$': 5, '$koti$mo': 2}"
lam,18,{'fyuni$': 18}
lao,18,{'ນົກ$': 18}
las,18,{'asimasi$': 18}
lat,135,"{'$volucr': 44, '$volatil': 30, '$avi': 21, '$passer': 14, '$aves': 11}"
lav,18,{'$putn': 18}
lbb,2,{'$a$manil': 2}
lbj,17,"{'$བྱ༌': 13, '༌$བྱི༌པ༌': 4}"
lbk,42,"{'ntat-aya': 23, '$ay-ayam': 16}"
lcm,42,{'$mani$': 41}
ldi,18,"{'$nuni$': 13, '$banuni$': 4}"
lee,18,{'$kúm': 18}
lef,18,{'$baasɛ$': 18}
leh,135,{'yuni$': 120}
lem,18,{'$tunonyí': 18}
leu,18,{'$maanu$': 16}
lew,18,"{'tonji$n': 12, 'tonji$': 6}"
lex,42,"{""$onu-ma'"": 31, '$hamormi': 7}"
lgm,18,{'$tuzoni$': 18}
lhi,18,{'$ngaz$': 18}
lhm,18,"{'namki$tɕ': 10, 'ki$tɕha$': 3, '$tɕhatɕu': 5}"
lhu,18,{'$ngaˆ$': 18}
lia,18,{'$bɛtiŋ$': 18}
lid,42,{'$sirih$': 38}
lif,18,"{'$पुसा': 10, '$पुहाॽ$': 4, '$काक्$कि': 2}"
lin,135,"{'ndɛkɛ$': 83, 'oyo$epum': 49}"
lip,18,{'$baklɔbɛ': 18}
lit,135,{'$paukš': 126}
ljp,18,{'$burung': 18}
lmk,18,{'$puwa': 18}
lmp,18,{'$bsiñ$': 17}
lob,18,"{""$'lominə"": 17}"
lol,18,{'fulu$': 18}
lom,18,"{'$wɛ̃nii': 14, '$wɛ̃nia$': 3}"
loq,10,"{'$manyɔsi': 8, '$nana$': 2}"
loz,135,{'nyunywan': 118}
lsi,18,"{""$ngho'$"": 16}"
lsm,18,{'mayoni$': 18}
lug,18,{'nyonyi$': 18}
luo,30,{'$winy': 28}
lus,17,{'$sava': 17}
lwo,18,{'$winy': 18}
lww,18,"{'$manu$la': 12, '$a$manu$': 2}"
lzh,18,"{'鳥': 15, '禽': 3}"
maa,18,"{'jñà$ni̱s': 9, 'ì$cho̱$r': 5, '̱$ni̱se$': 2}"
mad,18,"{""mano'$"": 18}"
maf,18,{'iakih': 18}
mah,135,{'$bao$': 132}
mai,18,{'$चिड़ै': 17}
maj,18,{'$ni̱se': 18}
mak,18,{'jangang-': 18}
mal,18,"{'pakshi': 8, 'tile$par': 7, 'parravak': 2}"
mam,135,"{""$chyu'j$"": 95, 'lipan$tw': 18, ""$c'utz$"": 13}"
maq,18,{'$nisë$': 16}
mar,18,"{'ाशातील$प': 7, '$पक्ष्या': 5, '$पक्षी$': 5}"
mau,18,"{'i⁴$se³$x': 12, '$ni⁴$se³': 6}"
mav,18,"{'$weita': 15, '$uruwu$': 2}"
maw,18,{'$niinsi$': 17}
maz,18,"{""$s'ü"": 14, '$ndoparü': 2}"
mbb,18,{'$tagbis$': 17}
mbc,18,{'$toron': 18}
mbd,18,{'anuk-man': 18}
mbf,18,{'$burong-': 16}
mbh,18,"{'$menre$': 13, 'a$men$': 3}"
mbi,18,{'e$pepenu': 16}
mbj,17,"{""$taw'ëëd"": 17}"
mbl,18,"{'$putuxnã': 15, ""$yãy'ĩgã"": 2}"
mbs,42,{'$manok$': 42}
mbt,18,{'e$manuk-': 17}
mca,18,{'$junatai': 18}
mcb,18,"{'$arageta': 8, 'ro$tsime': 6, 'ogari$et': 2}"
mcd,18,{'$puiya': 17}
mcf,18,"{'$podocho': 7, '$uicchun': 8, 'nami$che': 2}"
mck,135,"{'$tuzila$': 92, '$kazila$': 30}"
mcn,135,"{'$laya': 97, '$layt': 12, '$lay$ma$': 10}"
mco,18,{'$joon$': 17}
mcp,18,{'nunú$': 17}
mcq,18,{'$uka': 18}
mcu,18,{'$non$': 17}
mda,18,"{'$nywɛ̂nc': 15, 'pan$kūkw': 2}"
mdy,18,"{'$ካፖ': 7, '$ካፒያ': 3, '$ኬዳዛ$ካፓ$': 2, '$ዒዞኮ$ካኣፖ': 2}"
med,18,"{'$kᵾi$mbᵾ': 10, '$kᵾi$n': 4, '$kng$owa': 2}"
mee,18,"{'ke$lolo$': 10, '$manume$': 7}"
mej,18,"{'a$mem$': 13, 'gij$mohk': 2, '$mem$ni$': 2}"
mek,18,{'$inei': 16}
men,18,{'$ŋɔning': 17}
meq,18,{'$ɗiyeŋ$': 18}
meu,135,{'$manu': 127}
mfe,18,{'$zwazo$': 18}
mfh,18,"{'$azlaɗiy': 9, 'k$mahoya': 4, 'azlakola': 3}"
mfi,18,{'$ƴiye': 18}
mfk,18,"{'$ɗiyeŋ$': 14, '$sek$faɗ': 2}"
mfq,18,"{'$nuɑni$': 14, '$lɑ$bonk': 2}"
mfy,18,"{'$huikich': 13, 'náikim$g': 3}"
mfz,18,{'$ḍiirg': 16}
mgc,9,"{'$ali$': 5, '$aliye$': 4}"
mgh,27,{'nuni$': 25}
mhi,18,{'$arinzi$': 18}
mhl,18,{'$nepa': 18}
mhr,18,{'$кайык': 18}
mhx,18,"{""$ngho'$j"": 16}"
mhy,18,{'$wurung$': 18}
mib,18,"{'$saa$': 12, 'quɨtɨ$cá': 3, 'tɨ$ndáva': 2}"
mic,18,"{'$sisip': 15, ""jipji'jg"": 3}"
mie,18,"{'$saā$': 12, 'i$ndáva$': 3}"
mif,18,{'$ɗiyaŋ$h': 18}
mig,18,{'saa̱$': 17}
mih,18,{'$zaa$': 18}
mil,18,"{'uɨtɨ$ndà': 12, 'cá‑güedɨ': 5}"
min,18,"{'$unggeh$': 8, 'buruang-': 5, 'uruang$n': 2, '$buruang': 3}"
mio,18,{'$ri$saa$': 17}
miq,135,{'awira$': 118}
mir,18,"{'$muuxy': 15, 'a$luudha': 2}"
mit,18,{'$laa$': 18}
miy,18,"{'$tiꞌ$taꞌ': 10, '$riꞌ$a̱$': 3, 'taꞌan$xa': 2, 'deꞌi̱$ne': 2}"
miz,18,"{'$láa$': 12, 'tɨ$ntaík': 3, '$láā$': 2}"
mjc,18,{'$saa$': 18}
mjw,18,"{'vo$atum': 12, 'lim$api$': 3, 'ebiji$a': 2}"
mkd,18,{'$птици': 18}
mkl,18,"{'$yɛi$ŋɑ$': 15, '$yɛi$fei': 2}"
mkn,42,{'$burung': 40}
mks,18,{'$laa$': 18}
mlh,18,{'$webo': 18}
mlp,18,{'$ah$': 18}
mlt,135,"{'għasafar': 37, '$li$jtir': 32, 'għasfur$': 23, 'tjur$': 17, 'qa$li$tt': 13}"
mmn,18,{'$manokma': 16}
mmo,18,{'$manak': 18}
mmx,30,{'pixa$': 26}
mna,58,"{'$man$': 47, 'roŋ$kala': 4}"
mnb,18,"{""ka'uhi$l"": 16}"
mnf,18,{'$banɨ̧̀$': 17}
mnh,18,"{'$menre$': 13, 'a$men$': 3}"
mnk,18,{'$kunoolu': 18}
mnx,17,{'$ba$': 16}
moc,18,"{""a$qo'o"": 10, '$ỹo$': 6}"
mog,18,{'$ḷagapan': 18}
mop,18,"{""$a$ch'ii"": 16}"
mor,18,{'ndǝfia$': 16}
mos,18,{'$luiil': 16}
mox,18,{'$manu': 18}
mpg,18,{'aluwei': 18}
mph,2,{'a$karlur': 2}
mpm,18,"{'ka$tɨ$': 8, 'va$nuu$t': 3, '$sava$tr': 3, 'ma$un$ka': 2}"
mpp,10,"{'a$nango$': 7, 'e$nango$': 3}"
mps,135,{'$ba$': 129}
mpt,18,"{'$wani$': 10, 'la$wana$': 4, 'eka$wan$': 3}"
mpx,44,"{'$youyou$': 34, 'e$hi$ani': 2, 'anawa$bi': 2}"
mqb,18,{'$məvuhom': 18}
mqj,18,{'$dassi$': 18}
mqy,18,{'$kaka$lé': 17}
mrg,14,{'$pcttang': 13}
mri,135,{'$manu$': 130}
mrw,18,{'$papanok': 18}
msa,18,"{'a$boeroe': 12, 'egala$on': 3, '$boeroen': 3}"
msb,18,{'$sapat$': 18}
msc,25,"{'$kɔnɔilu': 20, '$kɔnɔ$s': 4}"
mse,18,"{'$layagi': 15, '$laygina': 2}"
msk,18,{'$langgam': 18}
msm,18,{'$manuk-m': 17}
msy,18,"{'kuarazib': 15, 'ɨ$kuaraz': 2}"
mta,18,{'$manuk$': 18}
mtg,18,{'$maka$': 18}
mti,18,{'$nenip': 18}
mtj,18,{'$mem$': 18}
mto,18,{'je̱$je̱y': 18}
mtp,18,"{""$'ajween"": 18}"
mua,18,{'$juu$': 18}
muh,18,"{'$wü$lu$': 14, 'ro$füh$l': 2}"
mur,18,{'$kibaali': 16}
mux,18,"{'$kerama': 13, 'ye$kene$': 4}"
muy,18,{'$eɗiɗiŋ$': 18}
mva,18,{'$mang$': 17}
mvn,18,"{'yaveha$': 11, '$hiu$': 4}"
mvp,18,{'$manuk-m': 18}
mwc,4,{'$manu': 4}
mwf,1,{'ampunkat': 1}
mwm,135,{'$yel': 118}
mwp,11,"{'$uruyl$': 8, 'mayl$uru': 2}"
mwq,18,"{'$kha$gui': 8, 'u$kha$': 3, 'bu$': 3, 'kuhzawng': 2}"
mwv,18,{'umá$': 18}
mww,18,{'$noog$': 18}
mxb,18,{'$laa$': 16}
mxp,18,"{'joon': 13, 'kwɨdejtt': 2}"
mxq,18,"{'$joon$': 13, 'kaagʉdij': 3}"
mxt,18,{'$saa$': 18}
mya,18,{'ငှက်': 18}
myb,18,{'$yelg$': 18}
myk,18,{'$shazhɛɛ': 17}
myu,18,"{'$wasũ': 15, '̃cũg̃ayũ': 3}"
myv,18,{'$нармун': 18}
myw,18,"{'iyoyows$': 13, '$man$si': 2, 'eis$ikam': 2}"
myx,18,{'inywi$': 18}
myy,18,"{'$wʉtirã': 10, '$minia$': 7}"
mza,18,{'$saa$': 16}
mzh,135,{'$afwench': 124}
mzk,18,{'$non': 18}
mzl,18,{'$joon$': 17}
mzm,18,{'$jaaning': 18}
mzw,18,{'$jumbi': 18}
mzz,2,{'$manuqa$': 2}
nab,18,{'$a̱i³k': 18}
naf,18,{'$age': 17}
nak,18,"{'la$malum': 14, '$e$kaoka': 2}"
nan,18,"{'$chiáu': 14, 'e-chiáu$': 4}"
naq,18,{'$anin': 17}
nas,26,"{'$barenna': 18, '$bareng': 4, '$barenan': 3}"
nav,135,"{'$tsídii$': 91, ""nidaat'a"": 32}"
nbc,18,"{'$aus': 13, '$au$': 5}"
nbe,18,{'$awhalan': 17}
nbl,18,{'nyoni$': 17}
nbq,12,{'$swa': 11}
nca,18,{'$nú': 18}
nch,18,{'$totome$': 18}
ncj,18,{'$totomen': 17}
ncl,18,{'$tutomes': 17}
nct,18,"{'$awa$': 15, '$awana$': 2}"
ncu,18,{'bo̱gyii': 18}
ndc,18,"{'eshiri$': 15, '$shiri$d': 3}"
nde,18,{'nyoni$': 17}
ndi,18,{'$núú$': 18}
ndj,18,{'$vambong': 17}
ndo,18,{'oondhila': 18}
ndp,18,{'$kariy': 15}
nds,30,"{'$väajel$': 24, '$voagel': 5}"
ndz,18,{'$nuù$': 17}
neb,18,{'$maabò': 16}
nep,18,"{'$चराचुरु': 11, 'पक्षी': 6}"
nfa,18,{'$manu-bh': 18}
nfr,18,{'$hanyiɛl': 18}
ngc,18,{'mbulu$': 18}
ngp,18,{'adege$': 17}
ngu,18,{'$totomej': 18}
nhd,18,"{'$guyra$': 15, '$umi$yry': 2}"
nhe,18,{'$totome$': 18}
nhg,18,"{'$tutume$': 14, 'me$tli$p': 3}"
nhi,18,"{'$pájaros': 11, '$ihui': 5}"
nho,18,"{'$manu$le': 7, 'a$llee$a': 4, '$ohana$l': 2, 'au$manu$': 2, 'e$lellee': 2}"
nhr,18,{'$tsa̱rá': 18}
nhu,18,{'$mvunyii': 18}
nhw,18,{'$totome$': 18}
nhx,18,"{'$to̱to̱m': 15, '$yej$moe': 3}"
nhy,18,{'$totomej': 16}
nia,18,"{'$wofo$': 13, '$fofo$': 5}"
nif,10,"{'$monɨktɨ': 6, '$monɨk$e': 2}"
nii,18,"{'$kei$o': 8, 'nga$kei$': 3, '$ni$kei$': 3, '$ap$to': 2}"
nij,18,{'$burung$': 18}
nim,18,{'noni$': 18}
nin,18,{'$aminche': 16}
niq,18,{'$toriit': 18}
niy,18,"{'$àrɛ̀$': 14, '$àrɛ̀-tɨ': 3}"
njb,18,"{'$wo$heh': 15, '$wunwo$': 2}"
njm,18,"{'$pera': 11, '$teirako': 7}"
njn,18,{'$thingna': 18}
njo,18,"{'$ozütem$': 12, 'sangnu$': 5}"
njz,18,"{'$pvta$tu': 8, '$pvtang': 8}"
nko,18,{'$mbubwi$': 18}
nlc,18,"{'wining$a': 12, 'ak$winin': 2, '$wining': 4}"
nld,135,"{'vogel': 80, 'vliegend': 50}"
nma,18,{'$ruinah': 17}
nmf,135,{'$vānao': 117}
nmo,18,{'$vaati$': 18}
nmw,4,{'iwowo$he': 3}
nmz,18,{'$ŋmɛn': 16}
nnb,18,{'esyonyon': 17}
nng,18,"{'waa$rap': 9, 'waal': 6, 'aacha$ra': 2}"
nnh,18,{'$meshʉ́ŋ': 18}
nno,135,{'fugl': 128}
nnp,18,"{'$osabu': 15, '$müi$n': 2}"
nnq,18,{'$ijuni$': 18}
nnw,18,"{'$zənbii$': 10, '$zə́ŋə́$': 4, '$zuŋi$': 4}"
noa,18,"{'em$hichp': 8, 'haain$bë': 4, ""$hãk'aag"": 2, '$nem$bãa': 2}"
nob,135,"{'fugl': 81, 'ygende$s': 49}"
nog,42,{'услар': 37}
nop,54,{'$bagi$': 49}
not,18,"{'tsimirip': 13, '$tiso': 4}"
nou,18,"{'o$ri$mem': 12, '$rime': 4}"
nph,18,"{'$shangou': 9, '$ouh': 5, '$outhü$': 3}"
npi,18,{'$चरा': 18}
npl,18,{'$totomeh': 17}
npo,18,"{'müwari': 14, '$amüwa$': 4}"
npy,18,{'$tadasi$': 18}
nsn,18,{'$teti': 18}
nso,135,{'nonyan': 133}
nss,26,"{'hu$noruk': 22, 'kan$n': 2}"
ntp,18,{'ujuurugi': 17}
ntr,18,{'$gyebuse': 16}
nus,18,{'$diit$': 16}
nuy,38,{'ngurudhu': 36}
nvm,18,{'$um$': 17}
nwb,18,{'$nɩkpɩ': 18}
nwi,17,"{'$man$mɨn': 13, '$man$y': 3}"
nya,135,"{'mbalame$': 85, 'ouluka$': 49}"
nyf,18,{'unyama$': 17}
nyn,18,"{'nyonyi$': 14, 'mahungu$': 3}"
nyo,18,{'nyonyi$': 17}
nyu,6,{'$mbalame': 6}
nyy,18,{'njunị$': 17}
obo,18,{'o$manuk$': 18}
oji,18,{'$benas': 17}
ojs,18,{'$ᐱᓀᔒ': 18}
okv,18,"{'$di$na$': 9, '$di$': 9}"
old,18,"{'lehe$': 13, 'a$ndehe$': 3}"
omw,18,"{'aamwavan': 10, '$nyaamwa': 7}"
ong,18,{'naflepem': 17}
ons,18,{'$naŋi$': 18}
ood,18,"{""$u'uwhig"": 16}"
opm,18,"{'$ner$i': 11, '$nero$': 4}"
ory,18,"{'ପକ୍ଷୀ': 15, 'ଚଢ଼େଇମାନ': 3}"
oss,135,"{'$мӕргът': 89, '$маргъ': 26}"
ote,18,"{""a$ts'int"": 17}"
otm,18,{'$yʉ$doja': 18}
otn,18,"{""nts'ʉ$"": 18}"
otq,18,"{'a$tsꞌint': 12, 'tho$ya$z': 5}"
ots,18,{'$ttzʉntz': 18}
ozm,18,"{'$binʉ̌n$': 15, '$bínʉ̌n$': 3}"
pab,18,{'$kotehal': 18}
pad,18,"{'raboki': 13, '$vitxaga': 3}"
pag,18,{'$manok$': 17}
pah,18,"{""$gwyra'i"": 11, ""ipepova'"": 7}"
pam,18,{'$ayup': 17}
pan,18,{'$ਪੰਛੀ': 18}
pao,18,"{'otseba': 13, '$oo$wue$': 2}"
pap,18,"{'ara$di$s': 6, '$e$paran': 4, '$i$para$': 2, 'di$para$': 2, 'ur$para$': 2}"
pbb,18,"{'$vichacu': 15, '$fyuus': 3}"
pbc,18,{'$tolon$y': 18}
pbi,18,"{'$ɗiya': 15, 'á$zləbi$': 2}"
pbl,18,{'$vasa': 18}
pcm,18,{'$bird': 18}
pdc,18,"{'$feyyel$': 11, 'di$fekke': 6}"
pdt,135,"{'$väajel$': 89, '$voagel$': 28}"
pes,18,{'$پرند': 18}
pib,18,"{'oshichin': 14, 'amejirun': 4}"
pio,17,"{'$cuìpìra': 9, '$màsibèe': 7}"
pir,18,"{'inicjʉa$': 15, '$yucaa$p': 2}"
pis,18,"{'keta$bir': 15, '$bird$': 3}"
pkb,18,"{'$nyuni$': 14, '$zigwa$n': 3}"
plg,18,"{""$maỹo'pi"": 11, ""$máỹo'$"": 6}"
pls,18,{'conttoa$': 18}
plt,48,"{'manidina': 27, '$vorona$': 19}"
plu,18,{'$kuhipr': 18}
plw,18,{'begit': 16}
pma,42,{'$aman$': 37}
pmf,18,{'$tonsi$': 16}
pne,18,{'$juhit$': 18}
poe,18,"{'$koxroxe': 11, 'xritjaká': 6}"
poh,135,"{'$kirupi': 55, ""$tz'ikin"": 37, ""$k'uch$"": 17, 'ik$kixii': 11}"
poi,18,{'m$jon': 17}
pol,135,"{'$pta': 81, '$latając': 49}"
pon,135,{'menpihr$': 124}
por,135,{'$ave': 121}
pot,6,"{""$pe'pams"": 5}"
poy,18,{'$wampong': 16}
ppk,18,{'danci$': 18}
ppo,18,"{'$barape': 15, '$ó$ba$': 2}"
prf,18,{'$ibun$': 16}
pri,17,"{'$pâ$marü': 12, '$ma$marü': 2}"
prk,18,{'$sim$': 18}
prs,18,{'$پرندگان': 18}
pse,18,{'$burung': 18}
ptp,18,{'$menac$': 18}
ptu,18,{'$dassi': 18}
pua,18,"{'$káratic': 9, '$kuíni': 8}"
pwg,18,{'$kiu': 18}
pww,18,{'$ทู$': 18}
qub,135,"{'$äbi': 92, '$pärej': 12, 'äriypa$p': 10, 'pichiusa': 8}"
quc,18,{'$tak$tzq': 18}
quf,18,{'$pariq$k': 18}
qug,18,{'$pajaroc': 17}
quh,135,"{""$p'isq"": 71, '$phawajk': 27, '$suwintu': 14, 'qhatatak': 4}"
qul,18,"{'pisketoc': 14, 'cuy$gall': 2}"
qup,18,"{'$pishkuk': 10, '$pawak': 5}"
quw,18,{'$pishcu': 18}
quy,135,"{'$pawaq': 80, '$urpitu': 20, 'raprayoq': 9, '$qesa': 4, 'ukuna$': 8}"
quz,135,"{'halaq$an': 90, '$pichi': 16, '$ankakun': 8, '$urpi': 9}"
qvc,18,{'$pishqok': 17}
qve,18,"{'$phawaq$': 11, 'chinkuku': 7}"
qvh,18,"{'$pishguc': 10, '$vuelag': 5, 'durcuna$': 2}"
qvi,18,{'$alasyu$': 18}
qvm,18,"{'$pishguc': 10, '$päreg': 5, 'durcuna$': 2}"
qvn,18,"{'$pishgoc': 13, '$pärig$u': 3}"
qvo,18,"{'$pishcuc': 14, '$ancac': 2}"
qvs,18,"{'$pishkil': 12, '$pawak$a': 6}"
qvw,18,"{'$pishucu': 14, '$pälï': 3}"
qvz,18,{'$pishcu': 17}
qwh,18,{'$pishquc': 15}
qxh,18,"{'ichuysac': 13, 'iucacuna': 3}"
qxn,18,{'$pishgoc': 16}
qxo,18,"{'$pishgu': 13, '$wiscur': 3}"
qxr,18,"{'$vola': 11, 'hutacuna': 5}"
rai,18,{'$kum$pik': 18}
rim,18,{'$nyonyi$': 17}
rkb,18,"{'$piyktsa': 10, 'sisaraka': 8}"
rmo,18,"{'$i$tchir': 13, 'chirkle$': 5}"
rmy,18,"{'hiriklia': 15, 'hiriklie': 2}"
ron,135,"{'$păsări': 89, '$pasăre': 23, '$zburăto': 21}"
roo,18,{'$kokio': 17}
rop,135,{'$bard$': 122}
rro,18,{'$roborob': 18}
ruf,18,{'fideghe$': 18}
run,135,"{'iguruka$': 67, 'nyoni$': 63}"
rus,135,"{'$пти': 106, '$летающ': 27}"
rwo,18,"{'$numbo$': 7, '$nu$': 11}"
sab,18,"{'$bdada$': 12, 'e$dba$kd': 4}"
sag,18,{'ndeke$': 18}
sah,30,"{'$көтөр': 23, '$чыычаах': 5}"
sas,18,{'$kedit': 18}
sba,135,"{'yelje': 97, '$gə́$yel': 5, '$yel$gə́': 11, '$gə$bag$': 5}"
sbd,18,"{'$bàanan$': 15, '$tɔɔ$màn': 2}"
sbe,8,{'$manuwa$': 8}
sbl,18,{'manokman': 16}
sda,18,{'$manuk-m': 18}
seh,6,{'$mbalame': 6}
sey,18,"{'$pi̱ꞌa': 13, 'ꞌjëcohua': 3}"
sgb,18,{'$manok': 18}
sgw,18,"{'$አንᎋም$': 7, 'ትሸቦ': 4, '፤$ኤዘሮ$': 2, '$አመራ$እንም': 2}"
sgz,18,{'$man$': 17}
shi,18,{'igḍaḍ$': 17}
shk,18,{'$winy': 18}
shp,42,"{'$noyai': 32, '$isáb': 6}"
shu,18,"{'l-tuyuur': 11, 'teer$': 7}"
sig,18,"{'$digibii': 15, 'gyaala$i': 3}"
sil,18,{'$diibiis': 17}
sim,18,"{'k$avi$': 8, '$avi$a': 3, 'ir$avi$o': 2, '$wako$': 2}"
sin,135,"{'$කුරුල': 71, '$පක්ෂී': 38, 'ාසර$කරන$': 18}"
sja,18,"{'$ipanaar': 14, '$bipa$': 4}"
sld,18,{'$diíwi': 17}
slk,135,"{'$vtá': 81, '$lietajú': 49}"
sll,18,{'$hahoba$': 17}
slv,135,"{'$pti': 107, '$letajo$': 14}"
sme,18,{'$lotti': 18}
smk,17,{'manuk-ma': 17}
sml,18,{'manuk-ma': 18}
smo,135,"{'$manufel': 73, 'manulele': 57}"
sna,135,"{'shiri$': 81, 'inobhuru': 49}"
snc,18,{'$manu': 18}
snd,18,{'$پکي': 17}
snn,18,"{""$ca$hua'"": 12, ""$bi'an$"": 6}"
snp,18,"{'$nema-af': 7, '$nema$ya': 6, 'nema$kos': 4}"
snw,18,{'akansiɛ$': 18}
sny,18,"{'irowe$we': 7, '$irowe$l': 4, 'rowe$tam': 4, '$awiye$': 2}"
som,135,"{'$haad': 85, '$shimbir': 44}"
soq,42,{'$nene$': 41}
sot,135,"{'nonyana$': 81, 'se$fofan': 49}"
soy,18,{'núipi$': 18}
spa,135,"{'$volador': 50, '$pájaro': 38, '$aves$': 31}"
spl,18,{'$nâi': 16}
spp,18,"{'$saɲcyɛ': 15, '$saɲcɛɛn': 3}"
sps,28,"{'$an$mare': 14, 'ruaf$': 6, 'ai$tsuar': 2, 'fo$koraa': 2}"
spy,18,{'$tāriitē': 16}
sqi,18,"{'$zogjtë$': 10, '$shpend': 7}"
sri,18,"{'$mirã': 12, '$wú̶rã': 5}"
srm,18,{'fou$': 18}
srn,135,"{'$fowru$': 99, 'i$e$frei': 30}"
srp,135,"{'$pti': 109, 'a$lete': 21}"
srq,18,"{'$nguireĩ': 4, '$ae$mbeb': 4, 'uireɨ̃$n': 4, '$nguɨreɨ': 3}"
ssd,45,{'$sar$uma': 43}
ssg,18,{'$manixux': 18}
ssw,18,{'tinyoni$': 18}
ssx,42,"{'$bamanu$': 19, '$ba$': 20}"
stn,18,"{'$manu$': 15, '$maanu$k': 2}"
stp,18,"{""$u'ji'"": 15, ""gu$u'ii'"": 2}"
sua,18,{'$o$ining': 16}
sue,18,"{'ni$mamai': 15, 're$zire$': 2}"
suk,18,{'$noni$': 18}
sun,135,{'$manuk': 127}
sur,18,{'$ny`er$': 18}
sus,18,{'$xɔni': 18}
swe,135,"{'fåg': 70, 'ygande$s': 62}"
swg,18,{'$vegel$': 18}
swh,135,"{'$ndege$': 82, 'oruka$': 49}"
swk,18,{'$mbalame': 18}
swp,50,{'$manu': 49}
sxb,18,{'$enyonyi': 18}
sxn,18,"{'$manụ$u$': 15, '$manụ$e$': 2}"
syc,18,{'ܦܪܚܬܐ$': 16}
szb,18,{'$nal': 17}
tab,18,"{'$жакьвар': 11, '$ничхрар': 7}"
tac,18,"{'$chulug': 12, '$wilú$': 3, '$jami$oy': 2}"
taj,18,{'$चरा': 18}
tam,18,{'$paravai': 18}
taq,18,{'igḍ': 17}
tar,18,"{'$chulugu': 10, ""i'nika$'"": 4, 'churuguí': 2}"
tat,18,{'$кошлар': 18}
tav,18,"{'$minia': 11, '$cawʉrã$': 4, '$yucaa': 3}"
taw,18,"{'$yawl$ok': 12, '$sab$cha': 4}"
tbc,18,"{'$anakana': 15, '$ai$tina': 2}"
tbg,82,{'$uviri': 76}
tbl,18,{'$onuk$ko': 17}
tbo,18,{'$kiu$': 18}
tby,18,{'$namoro$': 18}
tbz,135,"{'nɔ̀t': 63, 'sinɔɔ$': 45, 'pɑsĩ̀ntì': 4, 'nɛ̀$tiwɑ': 2, 'inɔ': 4}"
tca,18,{'$werigü': 16}
tcc,18,{'$dariid': 18}
tcs,42,{'pizin$': 40}
tcz,66,"{'$vacha': 51, 'u$le$va$': 5, 'namkim$': 2}"
tdt,18,"{'$manu$si': 15, '$ba$manu': 2}"
tee,18,{'$tsʼokʼo': 18}
tel,135,"{'$పక్షుల': 89, '$పక్షి': 34}"
tem,18,{'bȧmp': 18}
teo,18,"{'$akweny$': 14, 'a$ikweny': 3}"
ter,18,{'$ôti$': 18}
tfr,18,{'$sënwa': 18}
tgk,18,"{'$мурғ': 13, '$парранд': 4}"
tgl,135,"{'$ibon': 81, 'pad$na$n': 49}"
tgp,18,{'$maji$av': 18}
tha,18,{'นก$': 18}
thk,18,{'$nyoni$': 17}
tih,18,{'$susuit$': 16}
tik,18,{'$mɛ̀$kyè': 16}
tim,18,{'$lâut': 18}
tir,18,{'ኣዕዋፍ': 17}
tku,18,"{""$spūnī'n"": 18}"
tlb,18,{'$o$total': 18}
tlf,18,"{'$nuuk$': 6, '$uun$': 12}"
tlh,135,"{'$bird': 90, '$toq$': 36}"
tna,18,"{""$d'ia$"": 15, 'i$cuabet': 3}"
tnn,18,"{'mənɨg$mɨ': 13, 'megəh$pɨ': 2, 'ɨs$mɨn$k': 2}"
tob,135,"{'ỹopi$': 80, '$qoỹo$': 27, '$maỹo$': 12}"
toc,18,"{'tu̠$tako': 9, '$xma̠sek': 4, 'uaqui̠ko': 3}"
toh,18,{'$sinyoni': 18}
toj,18,"{'$yalchan': 13, 'huax$juj': 3}"
too,18,"{""$spūnnu'"": 16}"
top,18,{'$spitu$': 16}
tos,18,"{'$spu̱n$': 14, 'tu̱$kosk': 3}"
tpa,2,{'$kiu$h': 2}
tpi,18,{'$ol$pisi': 18}
tpm,135,"{'$zimeb': 102, 'ha$sel': 5, '$ki$nyin': 5, '$sela$': 5}"
tpp,18,"{""n$ts'o'o"": 13, ""$tala'pa"": 3}"
tpt,18,{'tsʼoʼon$': 18}
tpz,18,{'o$növan$': 16}
tqb,135,{'$wiràmir': 117}
trc,18,"{'$xtâj$': 14, 'achrúú$d': 3}"
trn,18,{'$coyr': 18}
trq,18,{'$xataj$': 18}
tsn,18,{'nonyane$': 18}
tso,131,"{'nyenyana': 77, 'i$hahaka': 49}"
tsz,18,"{'$káratic': 9, '$kuíni': 8}"
ttc,18,"{""$pich'$"": 18}"
tte,18,"{'o$man$': 14, 'sievaeva': 3}"
ttq,23,{'g̣əd': 23}
tuc,18,"{'$man$t': 14, '$man$': 4}"
tue,18,"{'inipõná$': 12, '$wʉʉrá': 5}"
tuf,18,"{'t$chicha': 5, 'ectar$ji': 4, 'uwásirat': 4, 'ctari$': 2}"
tui,135,"{'$dweere': 91, '$weedwee': 31}"
tuk,135,"{'$guşlar': 92, '$guş$': 19, '$guşy$': 7}"
tum,18,{'yuni$': 18}
tuo,18,{'$mirĩcʉ̃': 18}
tur,135,"{'$kuşla': 72, '$kuş$': 28, 'natlılar': 19}"
twi,135,"{'nomaa': 104, '$ntuboa$': 21}"
twu,18,{'pui': 18}
txu,18,"{'$kwênh': 11, '$àk$': 6}"
tyv,135,{'$куш': 121}
tzh,18,{'$muteti': 18}
tzj,18,"{""$tz'quin"": 12, 'querupin': 3, 'aj$ckan$': 2}"
tzo,18,{'$mut': 18}
ubr,42,{'$kiwiu$': 41}
ubu,18,"{'$kerama': 14, 'gi$lopa$': 2}"
udu,18,{'$’dii$': 17}
uig,42,"{'$учар': 27, '$қушлар': 12}"
ukr,135,{'$пт': 133}
upv,18,{'$numön$': 18}
ura,18,{'$tajaae': 17}
urb,18,"{""$ma'ewyr"": 18}"
urd,18,{'$परिन्द': 18}
urk,18,{'$บูโรก$': 18}
usa,20,"{'$numa': 15, 'kátí$yúg': 2}"
usp,18,"{'ak$tzˈiq': 13, '$ri$tiru': 2, 'l$tzˈiqu': 2}"
uvl,18,{'$ngie$mu': 17}
uzb,18,{'$қушлар': 18}
vag,18,{'$zumbizi': 17}
ven,18,{'iṋoni$': 18}
vie,18,{'$chim$': 18}
viv,18,{'$manuga$': 16}
vmy,18,{'$tjiuni': 18}
vun,18,{'ileye$': 18}
vut,18,{'$gààì$': 16}
waj,18,"{'giaammai': 14, 'aasukuai': 3}"
wal,135,{'$kaf': 127}
wap,18,{'$kotuꞌuz': 18}
war,18,{'tamsi': 18}
way,18,"{'$tëpëlam': 12, '$tolopï': 6}"
wbm,135,{'$sim$': 128}
wbp,43,"{'$jurlpu': 35, 'uwarr-ki': 3}"
wca,18,"{'$pö$kat': 14, 'alo$pö$o': 4}"
wed,2,{'$ma$kiu$': 2}
wer,18,"{'$intörö': 12, 'ö$ke$nam': 3, 're$int': 2}"
whk,18,{'$sui$': 18}
wiu,18,{'$ini': 18}
wmw,18,{'nyuni$': 17}
wnc,30,"{'$kwait': 17, '$kwaiu$': 11}"
wnu,18,{'$morogan': 17}
wob,18,{'$nʋʋɩ$': 17}
wol,18,{'$picc': 18}
wos,17,{'$afwi': 17}
wrs,42,{'tuaw': 38}
wsk,58,{'$inangan': 51}
wuv,18,{'i$manufi': 16}
wwa,18,"{'$nɔnɔɔsu': 13, 'aasu$naa': 3}"
xal,18,{'$шовуд': 17}
xav,18,"{'$si$norĩ': 9, 'mhã$sire': 3, ""$di'i$na"": 3}"
xbi,11,"{'ti$aipm$': 5, '$aipm$': 5}"
xbr,17,{'ma-hawur': 16}
xed,18,"{'$ɗyakha$': 9, '$zarak': 8}"
xho,135,"{'ntaka$': 79, 'phazelay': 49}"
xla,42,{'$tea': 38}
xon,18,{'$inyoon$': 16}
xrb,18,"{'$kãnsyãm': 15, '$trɛresy': 2}"
xsi,30,{'$sii$': 29}
xsm,18,{'$zunə$': 18}
xsu,18,"{'$pö$katä': 14, 'alo$pö$o': 4}"
xtd,18,"{'$chilida': 10, '$ndava$': 7}"
xtm,18,{'$lasaa$': 15}
xuo,18,{'$nduy': 18}
yaa,18,"{'$peyaf': 14, 'shpifo$a': 2}"
yad,18,"{'$nipya̱t': 15, '$viiche': 3}"
yal,18,"{'$xɔline$': 14, '$xɔliin$': 2}"
yam,18,{'$swiŋ$': 17}
yan,135,"{'awani$ba': 37, '$uhu$b': 30, 'lawani$': 25, '$uhbin': 10, '$uhu$': 5, 'akasna$k': 6}"
yaq,18,"{'$wikitch': 14, 'ikichim$': 2}"
yby,18,"{'$namasi': 5, 'aha-nama': 6, 'namahena': 4, 'to$namay': 2}"
ycn,18,"{""ira'ap"": 14, 'uphéruna': 2}"
yle,18,"{'$ńm': 14, '$kwee$nt': 3}"
yli,18,"{'l$ke$lar': 9, '$suwe$wa': 3, '$""$olome': 2, 'suwe$men': 2}"
yml,18,{'$manuga$': 17}
yon,54,"{'$ayari$': 41, '$onbed$': 3, '$on$': 4}"
yor,135,"{'tí$ń$fò$': 55, '$ẹyẹ$': 59, '$ẹ̀dá$ab': 18}"
yrb,18,{'$gasira': 18}
yre,18,"{'$""lomann': 16}"
yrk,6,{'$сармик”': 5}
yss,18,"{'$ap$em': 15, '$ap$': 3}"
yua,18,{'$chʼíich': 18}
yuj,18,"{'$anta': 7, '$ant$fák': 5, '$sipar$': 3, '$ant$': 3}"
yut,30,{'$mɨnam$': 27}
yuw,18,"{'$yuph': 9, '$yup$y': 4, 'arap$gor': 2, '$yup$': 3}"
yuz,18,"{'$sirimñu': 10, 'ihuëshëj': 7}"
yva,18,"{'insanije': 11, 'maere$ko': 5}"
zaa,18,"{'bìnni$to': 11, ""iyé'ya$b"": 2, 'a$bechèt': 2, 'i$ca$bé': 2}"
zab,18,"{'$de$mani': 13, 'de$many$': 5}"
zac,18,"{'$ra$maʼñ': 14, 'tapë$guë': 3}"
zad,18,"{'$byiṉ': 9, 'a$chx̱ob': 4, ""$baka'$z"": 2}"
zae,18,"{'$sia$xxi': 12, 'a$binnih': 4}"
zai,18,{'$mani$hu': 17}
zam,18,{'$mbin$': 17}
zao,18,"{'$re$min$': 14, '$thap$ni': 3}"
zar,18,"{'biguínni': 12, ""'daba'$l"": 4}"
zas,18,"{'biguijn$': 10, '$rzuj$': 7}"
zat,18,"{'$zua$xri': 7, '$bxínned': 9}"
zav,18,"{""$x̱ile'e"": 15, ""$šod$ca'"": 2}"
zaw,18,"{'ni$rutaj': 10, '$reman$x': 5, 'hi$rajwr': 2}"
zca,18,"{'$miyin': 14, 'n$nizë$n': 3}"
zho,135,"{'鳥': 92, '$飛禽$': 41}"
zia,18,"{'$ni$mama': 15, 're$yire$': 2}"
ziw,18,{'adege$': 18}
zom,135,{'vasa': 129}
zos,18,{'$paloma': 18}
zpc,18,"{'$bguini$': 13, 'ia$rzë$l': 3}"
zpi,18,"{'ne$rzhob': 11, '$mgyin$': 6}"
zpl,18,"{'bee$iñi': 15, 'u$tacu$c': 3}"
zpm,18,"{'rë$mguiṉ': 10, '$ne$rsii': 5, 'ëse$maxi': 2}"
zpo,18,{'$mbyin$': 17}
zpq,18,"{'a$x̱il$': 14, ""ba'$ḻo$x"": 2}"
zpt,18,"{'$be$migi': 12, 'be$man$d': 4}"
zpu,18,"{'dá$rao$l': 6, '$tap$nia': 5, ""$na'$byi"": 2, '$chod$': 2}"
zpv,18,"{""$maani'h"": 11, 'ohba$xih': 7}"
zpz,18,{'$chigyiñ': 18}
zsm,18,{'$burung': 18}
zsr,18,"{""'$bguin"": 12, ""'$zoa$xi"": 4}"
ztq,18,"{'$mguiñ': 14, 'lo$ma$ni': 3}"
zty,18,"{'$byínned': 10, ""íngakba'"": 4, '$byinne$': 2}"
zul,135,"{'nyoni': 82, 'indizayo': 48}"
zyp,18,{'$pavaw$': 18}
